startTime,endTime,energy
0,0,-0.0
1,1,-0.0
2,2,-0.0
3,3,-0.0
4,4,-0.0
5,5,-0.0
6,6,-0.0
7,7,-0.0
8,8,-0.0
9,9,-0.0
10,10,-0.0
11,11,-0.0
12,12,-0.0
13,13,-0.0
14,14,-0.0
15,15,-0.0
16,16,-0.0
17,17,-0.0
18,18,-0.0
19,19,-0.0
20,20,-0.0
21,21,-0.0
22,22,-0.0
23,23,-0.0
24,24,0.0018776819174014668
25,25,0.011348919021338668
26,26,0.029416627111226664
27,27,0.058273772068153325
28,28,0.10550740612248666
29,29,0.16540122935613336
30,30,0.22556135609473332
31,31,0.31563528641113325
32,32,0.5115668625690667
33,33,0.7507909205118001
34,34,1.0351076116472666
35,35,1.3489149136966665
36,36,1.6750454101346666
37,37,1.9940085987800005
38,38,2.3006172348026666
39,39,2.5935169816900006
40,40,2.919724712174667
41,41,3.2526554029213335
42,42,3.507639085124
43,43,3.670626979617334
44,44,3.5384657798913337
45,45,3.2087289676719997
46,46,3.000671041037333
47,47,2.948634447609334
48,48,3.363324482227334
49,49,4.087993831513334
50,50,4.665684576411999
51,51,5.076285898879333
52,52,5.136283060657999
53,53,4.9501431118933334
54,54,4.787407068927334
55,55,4.650141819242
56,56,4.558513860203334
57,57,4.497667121932
58,58,4.434608459192667
59,59,4.367589926020667
60,60,4.3265196357106666
61,61,4.283375368586
62,62,4.186368855126667
63,63,4.039544728472666
64,64,3.8292909955986665
65,65,3.5791197315400005
66,66,3.323682973046
67,67,3.063273045771333
68,68,2.8152842939933334
69,69,2.564499734915333
70,70,2.2862863752319997
71,71,1.9876138609560003
72,72,1.6769491318233336
73,73,1.3589237127193334
74,74,1.0417428956758665
75,75,0.7381148102164667
76,76,0.5061505879988
77,77,0.4448885331794666
78,78,0.39456447621813334
79,79,0.34148017125093333
80,80,0.27468756392480004
81,81,0.20162147978833334
82,82,0.1397641812416
83,83,0.0891255179367
84,84,0.055275453051873334
85,85,0.034439317091760006
86,86,0.01773965039073333
87,87,0.005178395456519135
88,88,-0.0
89,89,-0.0
90,90,-0.0
91,91,-0.0
92,92,-0.0
93,93,-0.0
94,94,-0.0
95,95,-0.0
