predictionWindow,withoutBattery,withBattery
2,2874,2875.03175
3,2874,2878.8081250000005
5,2874,2887.81375
7,2874,2905.6393749999997
10,2874,2938.9849999999997
13,2874,2956.6083333